KUNNR,LAND1,NAME1,ORT01,PSTLZ
0000000001,IN,Cox-Hayes,Gregorymouth,42406
0000000002,CA,"Dunn, Johnson and Howell",New Emily,40283
0000000003,CH,Wiley Ltd,Jamesmouth,15296
0000000004,KR,Ramos-Garcia,South Shannonfurt,97008
0000000005,FR,"Lucero, Carpenter and Brown",New Crystal,59390
0000000006,NL,"Salazar, Wood and Krueger",Annside,24533
0000000007,KR,"Thompson, Guzman and Wright",West Pedroview,66020
0000000008,NL,Pierce Inc,Luceroton,98320
0000000009,BR,Martinez-Grant,West Juliebury,75574
0000000010,AU,Smith-Wolf,Langtown,70217
0000000011,ES,Knight-Ramirez,Amandafort,66976
0000000012,JP,White-Chapman,Ayersfurt,65197
0000000013,NL,Baker LLC,Lopezberg,82236
0000000014,RU,Burnett Inc,Lake Jane,57359
0000000015,CA,Donovan-Ray,West Melanie,03320
0000000016,JP,"Gomez, Campbell and Berger",Port Danielland,85482
0000000017,US,"Harris, Smith and Wright",Joneshaven,86465
0000000018,FR,Gonzales Group,Port Brian,10204
0000000019,RU,Goodman-Glenn,Martineztown,91866
0000000020,NL,"Kennedy, Curry and Burns",Fordfurt,24773
0000000021,JP,"Gordon, Jones and Robertson",Wilsonchester,32278
0000000022,SE,Tate-Ross,Port Ricardo,01249
0000000023,MX,"White, Schwartz and Hamilton",Kellyton,07516
0000000024,BR,"Weeks, Larson and Houston",Maystad,92931
0000000025,IT,Silva PLC,Port Eddie,23255
0000000026,AU,"Lee, Davis and Lewis",Troyborough,35515
0000000027,FR,Ramos LLC,Lake Paul,69251
0000000028,RU,Combs-Griffith,West Kelsey,68514
0000000029,ZA,Buckley-Spencer,West Zachary,35937
0000000030,FR,Clark Group,Stephenside,65828
0000000031,JP,Brown LLC,Thompsonfort,03794
0000000032,AU,King and Sons,Lake Daltonborough,35304
0000000033,AU,Ramirez Inc,Lesliefurt,10332
0000000034,ES,Stewart-Duncan,Simmonsview,68220
0000000035,JP,"Harris, Evans and Bridges",Port Andrewport,91230
0000000036,ZA,Simmons and Sons,Sheritown,00906
0000000037,CN,"Bishop, May and Allen",Dannyhaven,05926
0000000038,ES,"Hull, Howard and Lewis",West Michelle,35431
0000000039,NL,"Holland, Santos and Randolph",East Debraburgh,97108
0000000040,AU,"Mcknight, Tucker and Knox",Robertville,82824
0000000041,CA,"Evans, Wagner and Curtis",East Whitney,34324
0000000042,NL,Clark and Sons,South Randall,62776
0000000043,BR,"Haley, Lane and Harris",Williamsmouth,30659
0000000044,DE,Lee Inc,South Trevor,61793
0000000045,KR,"Smith, Daniel and Lane",North Kyle,37765
0000000046,ZA,Harding-Rivera,Ashleymouth,37331
0000000047,NL,Gardner-Zuniga,South Keithberg,62073
0000000048,DE,Jones Ltd,Port Normanside,28839
0000000049,IT,Gilbert-Walker,Port Markland,59994
0000000050,CN,Callahan Ltd,Weberfort,56586
0000000051,MX,Hoffman Group,Crystalfurt,14011
0000000052,NL,Duncan-Greer,Jamesfort,50249
0000000053,IT,Lee and Sons,Lake Darrell,36320
0000000054,NL,Richardson-Hughes,Lake David,32938
0000000055,ES,Reed-Smith,Balltown,73043
0000000056,NL,Ruiz-Mccarthy,South Teresa,12102
0000000057,ES,"Williams, Mcmahon and Boyle",Cruzberg,26937
0000000058,BR,Bell-Fowler,East Rachaelmouth,42930
0000000059,JP,Shepherd Group,Thomasmouth,30837
0000000060,MX,Jordan-Morgan,North Meganshire,99607
0000000061,CA,"Martinez, Humphrey and Taylor",Gonzalezborough,97126
0000000062,IT,Mitchell-Allen,Hawkinsberg,06469
0000000063,ZA,Friedman-Zimmerman,Port Mirandafort,65087
0000000064,ZA,James-Payne,New Jessicaland,69363
0000000065,ZA,Bates Group,Port Jamie,88438
0000000066,NL,Liu LLC,Sweeneyville,63584
0000000067,FR,Ponce-Gonzalez,East Joseph,55242
0000000068,ZA,Ruiz-Martinez,East Angelamouth,13196
0000000069,JP,Crane-Lopez,North Grant,71749
0000000070,CH,Rivera Inc,East Jenniferchester,74987
0000000071,CH,Hoover Ltd,North Michael,65245
0000000072,GB,Williams-Bass,Ibarrahaven,33825
0000000073,GB,"Wood, Arellano and Lucas",Stephenbury,38970
0000000074,RU,Larson-Gonzales,Zacharystad,96257
0000000075,AU,May LLC,Pattersonstad,84129
0000000076,AU,"Jimenez, Mcdaniel and Mendoza",Port Abigailton,54047
0000000077,DE,Wyatt-Vega,East Ryanville,16998
0000000078,AU,Bennett Ltd,Lake Tom,83218
0000000079,AU,"Daniels, Pena and Fowler",South Sonyaborough,59006
0000000080,SE,Hale-Nichols,East Juliestad,62117
0000000081,SE,Gonzales and Sons,Port Nicole,61086
0000000082,JP,Hays and Sons,Barryshire,50996
0000000083,KR,"Smith, Vasquez and Ayala",Davisburgh,81341
0000000084,BR,"Rivera, Herrera and Mccarty",North Michelechester,53876
0000000085,NL,Garcia LLC,East Karenchester,69815
0000000086,ZA,"Rivera, Gonzalez and Grant",Lake Reginald,28787
0000000087,JP,Moore-Shepard,North Lisa,55914
0000000088,BR,Watkins-Alexander,Meganmouth,95301
0000000089,GB,"Parker, Jackson and James",New Matthewland,07920
0000000090,CN,"Watts, Cox and Walls",Jeremybury,24145
0000000091,CH,Becker-Williams,Nelsonchester,79159
0000000092,ZA,"Holland, Mcconnell and Brooks",South Destinyshire,02081
0000000093,CH,"Singleton, Mccoy and Bartlett",Robertsfurt,19455
0000000094,US,"Roberson, Ramirez and Shah",South Alexanderfort,66140
0000000095,MX,Duffy and Sons,Cynthiabury,85571
0000000096,ZA,Ellis Ltd,East Susan,77125
0000000097,US,Robertson and Sons,Mariahaven,38752
0000000098,CH,Stewart-Quinn,Lake Matthew,81734
0000000099,RU,"Ortega, Harris and Watkins",South Michael,47680
0000000100,ZA,"Bailey, White and Willis",Gordonport,53968
0000000101,GB,Davenport and Sons,Hillborough,97136
0000000102,MX,"Smith, Callahan and Garza",Morenoville,85917
0000000103,NL,"Rodriguez, Cruz and Johnson",East Steventon,42066
0000000104,IN,"Hicks, Velasquez and Walter",Peterton,58492
0000000105,IN,Davis-Kelly,Luishaven,89903
0000000106,RU,"Patterson, Blackburn and Rowland",Jonathanport,24902
0000000107,SE,"Obrien, Rivers and Taylor",Karenchester,71594
0000000108,CN,"Woods, Stevens and Ford",Michaelchester,15016
0000000109,CA,Schneider LLC,Lake Rachelmouth,43569
0000000110,BR,Williams PLC,Bakerfurt,59081
0000000111,US,Singleton LLC,Donnaland,82063
0000000112,BR,"Reynolds, Jones and Rogers",South Amy,30959
0000000113,SE,Rodgers-Sanchez,Hannahville,56908
0000000114,KR,Larsen LLC,West Jefferymouth,16038
0000000115,NL,Bruce LLC,Rogerberg,75603
0000000116,CA,"Mullen, Davila and Foster",Alvarezberg,78485
0000000117,JP,"Park, Pena and Weaver",Port Emilyland,41043
0000000118,SE,Singh-Richards,Paulfurt,32933
0000000119,IN,Watson-Hall,Calebshire,60625
0000000120,DE,Taylor-Stevens,Thompsonburgh,79747
0000000121,GB,Barnes Group,Maryview,47738
0000000122,BR,Richardson-Burton,Spencerfurt,72717
0000000123,SE,Martin Inc,West Cody,69480
0000000124,CA,Wood-Brown,South Kathy,44958
0000000125,NL,Medina Ltd,Port Lauren,30093
0000000126,AU,Green Inc,Muellerchester,02940
0000000127,CA,Garcia-Chapman,North Jason,26973
0000000128,CH,"Castro, Castaneda and Jensen",Jonesburgh,10602
0000000129,DE,Curry-Willis,South Gregoryview,23982
0000000130,DE,Martinez and Sons,Lamberg,09824
0000000131,KR,Young-Simpson,Paulberg,79022
0000000132,JP,Harris-Newton,Joshuaview,70873
0000000133,IT,Dickson-Carpenter,West Lorettaberg,76317
0000000134,ES,"Ortiz, Simmons and Ferguson",Jeffreychester,00593
0000000135,CA,"Jones, Lynch and Colon",New Audreyhaven,93807
0000000136,US,Mcdaniel Group,West Alyssachester,71999
0000000137,KR,Ferguson PLC,West Laurastad,62521
0000000138,AU,King-Scott,North James,23856
0000000139,SE,"Smith, Burch and Martin",East Rhonda,43650
0000000140,AU,"Frank, Ramirez and Davis",Potterville,87072
0000000141,JP,"Rodriguez, Rodriguez and Zhang",Kellerborough,51734
0000000142,AU,Reynolds and Sons,Dayland,03082
0000000143,US,Mercer Group,Perkinsside,32926
0000000144,JP,Howard and Sons,East Robert,55034
0000000145,DE,Brown Group,New Michael,39092
0000000146,ES,"Mcgee, Smith and Brown",Port Lisabury,51650
0000000147,BR,Taylor-Villanueva,Powellberg,30551
0000000148,SE,Harper LLC,Lake Jessica,11862
0000000149,IN,King and Sons,Brianbury,37422
0000000150,NL,"Frank, Russell and Ward",Charlesland,19768
0000000151,KR,Mcdowell-Acosta,East Ryan,93165
0000000152,SE,Stone PLC,Mauriceshire,28827
0000000153,KR,Zimmerman and Sons,West Timothy,70600
0000000154,AU,Reynolds Group,Jacobberg,21051
0000000155,ES,Shannon Inc,West Kevinmouth,21434
0000000156,CA,Stevenson-Horn,Bankschester,08935
0000000157,CN,"Moore, Rosales and Pratt",North Dustinshire,97867
0000000158,BR,Smith LLC,Amyfort,84156
0000000159,RU,Duncan-Gonzalez,Shariville,71473
0000000160,AU,Griffin Group,West Wesley,69098
0000000161,AU,"Lewis, Morse and Jones",Simmonsmouth,28502
0000000162,CA,Jones and Sons,East Lauraview,94196
0000000163,FR,Webb Inc,West Stephanie,54972
0000000164,BR,Guzman-Thompson,Port Matthewfort,66180
0000000165,RU,"Bush, Walker and Green",West Tamara,67646
0000000166,BR,Frank-Sawyer,East Michaelton,48085
0000000167,US,"Robbins, Hoffman and Murray",New Shannon,71325
0000000168,CA,Murphy PLC,East Louis,57345
0000000169,FR,Herman and Sons,East Leeside,84862
0000000170,IT,Willis PLC,North Sierra,46562
0000000171,FR,Harris-Murray,Warrenmouth,25840
0000000172,KR,"Patrick, Stanton and Mitchell",East Ashleystad,65703
0000000173,MX,"Lee, Osborne and Vargas",North Kenneth,07265
0000000174,ES,Taylor-Stone,New Katelyn,92810
0000000175,FR,"Garrett, Burke and Hunt",Fieldsview,92925
0000000176,CH,Schultz-Ponce,Davisfurt,09138
0000000177,ES,Todd-Lewis,Jonathanchester,23437
0000000178,JP,Steele LLC,West Nathan,48989
0000000179,US,"Phillips, Williams and Brown",Port Amanda,53724
0000000180,BR,"Cantrell, Peterson and Hoffman",Johnsonfort,51703
0000000181,RU,Hughes Ltd,Potterborough,68943
0000000182,FR,Terrell PLC,Catherinemouth,43632
0000000183,MX,Sims-Davis,East Stephen,80165
0000000184,CA,"Anderson, Richards and Pierce",New Michael,07443
0000000185,KR,"Wilson, Wright and Osborne",Lake David,93191
0000000186,FR,Cook-Hernandez,Rogerston,37208
0000000187,US,Moody and Sons,West Mark,61075
0000000188,CH,Kane-Cantu,Amandabury,87877
0000000189,MX,"Wall, Garza and Johnson",Angelaport,35271
0000000190,ES,Smith-Wilson,Fordmouth,69639
0000000191,NL,Malone-Miller,Carolside,65213
0000000192,RU,Baker-Cabrera,West Lindsaymouth,47647
0000000193,RU,"Brown, Woods and Wilson",West Lindamouth,10526
0000000194,CA,Garcia-Brown,East Victoria,36157
0000000195,CH,"Thomas, Martinez and Stevens",West Christophershire,70912
0000000196,SE,"Christian, Phillips and Braun",Port Sharon,31582
0000000197,US,Jones-Grimes,Deborahfort,32170
0000000198,US,Ray Inc,North Nathan,01152
0000000199,CA,"Wright, Johnson and Gray",South Susantown,27218
0000000200,SE,Todd PLC,North Sherryport,24008
0000000201,GB,Williams-Roman,New Andrea,08997
0000000202,ZA,Garcia PLC,East Caitlyn,83342
0000000203,JP,Erickson Group,North Rebecca,83242
0000000204,ZA,Davis-Bentley,Cherylport,05989
0000000205,GB,Mcbride Inc,Josephside,91349
0000000206,NL,Thompson LLC,Brownbury,62295
0000000207,FR,Gomez Inc,Lake Tinatown,47812
0000000208,GB,Smith Ltd,Mullentown,58978
0000000209,IT,Lopez-Carr,Loristad,02105
0000000210,CH,Mills-Ortiz,New Robert,28615
0000000211,GB,"Sloan, Martinez and Hardy",New Christinaborough,27444
0000000212,AU,"Jimenez, Thompson and Murphy",Port Cynthia,85005
0000000213,US,Morris Inc,South Jeffrey,56032
0000000214,ES,"Kennedy, Taylor and Hernandez",South David,91709
0000000215,RU,"Shelton, Moore and Fuller",West Brooke,95627
0000000216,ES,Sims-Wagner,New Courtney,99084
0000000217,FR,Meyer Inc,South Joshua,68646
0000000218,NL,Boyd-Turner,South Shannon,40983
0000000219,NL,"Curtis, Jones and Hogan",Stevenport,49868
0000000220,CA,Peterson-Green,West Robert,13829
0000000221,IN,"Strickland, Payne and Vega",Allenport,12238
0000000222,IT,"Baker, Castro and Johnson",Turnerfurt,08670
0000000223,IN,Lynch Group,West Daniel,79395
0000000224,GB,Keith-Robbins,Kellerbury,87533
0000000225,AU,"Roberts, Alvarado and Kemp",Lewiston,55984
0000000226,ES,Scott-Patterson,Joshuafort,54168
0000000227,NL,Lopez Inc,New Robertport,81409
0000000228,ES,"Brown, Johnson and Newton",East Brent,36276
0000000229,CN,Lawrence-Roberts,Juliemouth,79928
0000000230,NL,"Wiggins, Adkins and Landry",New Melissa,30917
0000000231,ES,"Moore, Tucker and Shields",Nataliefort,49251
0000000232,CN,Lopez LLC,Lake Sean,59194
0000000233,GB,Ramsey PLC,Ryanfort,99323
0000000234,CH,Murillo-Ward,New Joshuatown,53325
0000000235,US,"Thompson, Garcia and Wagner",Dominicview,83683
0000000236,MX,"Park, Hicks and Knight",Richardsonside,16562
0000000237,CA,"Jones, Barber and Foster",South Michaelside,56794
0000000238,AU,"Harris, Fields and Jackson",Nathanielmouth,95847
0000000239,ZA,"Howe, Newton and Nunez",Branditown,21141
0000000240,CN,"Sanchez, Malone and Burton",Lisaview,79940
0000000241,ZA,Johnson and Sons,East Kevinshire,97892
0000000242,NL,Neal Group,Walterhaven,71802
0000000243,AU,"Powell, Perez and Gibbs",Kimberlyfurt,22470
0000000244,GB,Odonnell and Sons,Karaview,02759
0000000245,NL,Montes-Gardner,Jeffersonland,33615
0000000246,US,Fischer Ltd,North Davidmouth,55591
0000000247,IT,"Bradshaw, Bryant and Lee",Port Howard,12061
0000000248,ZA,Gates-Fitzgerald,Gillespiemouth,93002
0000000249,CA,Lopez LLC,West Amandamouth,41675
0000000250,KR,Phelps and Sons,Carrieburgh,77198
0000000251,FR,Sanchez-Hanson,South Amanda,72536
0000000252,BR,"Martin, Preston and Cummings",Hayestown,41447
0000000253,ZA,"Wolf, Campbell and Willis",Port David,83209
0000000254,CA,Flynn PLC,Johnstad,90405
0000000255,CH,"Patel, Franco and Davis",Aliciaside,77947
0000000256,IN,"Williams, Snyder and Snow",New Joshua,80271
0000000257,IT,Crawford-Tucker,Delgadoton,58030
0000000258,ZA,"Lynch, Parks and Velasquez",East Travistown,52935
0000000259,IN,Mendoza-Fitzpatrick,Stephenmouth,58198
0000000260,SE,"Berry, Torres and Thomas",Glorialand,81534
0000000261,FR,Park LLC,Turnermouth,01763
0000000262,AU,Matthews-Edwards,Emilyview,16624
0000000263,IT,"Anderson, Peterson and Powers",Ericville,86284
0000000264,BR,Williams Group,Kylehaven,74533
0000000265,DE,Montes-Baker,Johnberg,56573
0000000266,IN,"Phillips, White and Meza",Adammouth,93523
0000000267,MX,Zavala-Anderson,Suzannemouth,56453
0000000268,CN,Sandoval-Crawford,Jenkinsmouth,05992
0000000269,AU,"Miles, Reynolds and Roberts",Edwardsbury,54473
0000000270,CA,Ramos-Anderson,South Heather,21303
0000000271,DE,Carlson-Hill,Scottfurt,43375
0000000272,IN,Huber-Vasquez,South Christinamouth,73783
0000000273,KR,Barker LLC,Savageburgh,81064
0000000274,GB,Ferrell-Singh,North Thomasbury,15622
0000000275,US,"Dixon, Rivera and Bishop",New Williammouth,64598
0000000276,IN,"Moore, Foster and Bailey",Petertown,14539
0000000277,MX,"Lamb, Miller and Sullivan",Caldwellbury,11192
0000000278,RU,Bray-Hill,New Tiffany,41637
0000000279,CH,"Lawrence, Diaz and Hubbard",Freemanstad,99522
0000000280,DE,Kirk and Sons,West Markborough,79331
0000000281,DE,"Salas, Briggs and Stewart",West Nicole,00997
0000000282,NL,"Lopez, Chen and Benitez",South Janet,68606
0000000283,KR,"Briggs, Jennings and Lawson",New Ryan,82101
0000000284,IT,Vasquez Inc,New Gregory,01285
0000000285,BR,Flores-Kaiser,North Carol,45737
0000000286,IT,Taylor-Gaines,East Katiemouth,54363
0000000287,BR,Collins-Brown,Joeberg,20067
0000000288,IT,Valdez-Ali,Davidfurt,26057
0000000289,MX,"Tucker, Moore and Morgan",Port Lori,90204
0000000290,CN,"Taylor, Ray and Garcia",Annaberg,95711
0000000291,CA,"Kelley, Case and Chavez",North Dennis,54797
0000000292,CH,Harrison-Anderson,Wadefort,01442
0000000293,FR,"White, Perez and Hill",Port Joyceville,02058
0000000294,KR,Stone-Ayala,West Max,85207
0000000295,US,Brown-Morgan,Lyonshaven,45534
0000000296,CN,"Johnson, Roman and Park",Port Oliviafort,79526
0000000297,KR,Thomas and Sons,Kingstad,87562
0000000298,BR,"Brown, Kelley and Anderson",Williamstown,87916
0000000299,AU,"Golden, Waters and Murray",Humphreyfort,50205
0000000300,CA,"Frey, Spears and Levine",East Brittneyview,64866
0000000301,IN,"Pratt, Mcbride and Andrade",South Johnview,86532
0000000302,FR,Blair PLC,East Codychester,73294
0000000303,US,Smith-Carpenter,Alanbury,72227
0000000304,ZA,Collins-Powers,West Stevenchester,95201
0000000305,FR,Cruz-Whitaker,Port Shannonbury,36988
0000000306,ES,Davis-Hernandez,Walshfort,56462
0000000307,RU,"Anderson, Maxwell and Mercado",Henryshire,20687
0000000308,RU,Carrillo-Sutton,Lake Trevor,29927
0000000309,ZA,Stephens Ltd,Jodimouth,13844
0000000310,DE,Sullivan-Schwartz,North Wendyland,74547
0000000311,ZA,"Douglas, Sims and Martin",West Erica,60268
0000000312,US,Cobb-Vincent,East Bradleyhaven,54470
0000000313,AU,Ramirez-Walter,New Teresa,57854
0000000314,IT,Howard-Williams,South Danielleton,41148
0000000315,SE,Pratt PLC,Andreaborough,90089
0000000316,KR,Gomez Inc,Sharontown,10084
0000000317,AU,Phillips PLC,North Alicia,87062
0000000318,ES,Torres Group,East Vanessa,99643
0000000319,CN,Cook-Wheeler,Sharonport,60045
0000000320,RU,"Luna, Hood and Fuentes",Garretthaven,96368
0000000321,ES,"Harris, Mendez and Butler",North Erinfurt,46297
0000000322,JP,Olsen-Martin,North Tiffanyland,39464
0000000323,KR,"Adams, Miller and Phillips",Lake Waltermouth,44783
0000000324,CN,Johnson-Pope,Davisland,40338
0000000325,AU,Griffith-Lawrence,North Jamesburgh,78590
0000000326,KR,Ramos Ltd,East Carlosfurt,43544
0000000327,SE,"Johnson, Mcdowell and Lee",Danaborough,35688
0000000328,SE,"Lester, Wright and Scott",Douglasport,95938
0000000329,KR,"Warner, Nguyen and Weiss",Port Lisa,79524
0000000330,AU,Joseph Group,West Yvonneville,10443
0000000331,ZA,Nunez-Velazquez,North Heidichester,06728
0000000332,CH,Martin-Richardson,Smithstad,59160
0000000333,CA,Carter-Ortega,West Danielletown,98812
0000000334,ES,Hernandez Ltd,Andrewchester,75743
0000000335,US,Graves Inc,North Nancy,07721
0000000336,GB,Ramos-Martin,Myerstown,71233
0000000337,MX,"Smith, Evans and Sanchez",East Kathrynburgh,77026
0000000338,RU,"Berry, Weeks and Wright",Berryland,11302
0000000339,SE,Perez-Lozano,West Catherineshire,21656
0000000340,ZA,Frederick-Mcmillan,Velezborough,52496
0000000341,CN,"Lee, Lin and Hernandez",South Johnville,57133
0000000342,IT,Hodges-Holland,Youngside,57788
0000000343,RU,Mcbride PLC,Brittanyfurt,90397
0000000344,BR,Wu and Sons,New Thomas,10278
0000000345,US,Barnes and Sons,New Kellyside,55270
0000000346,KR,"Fields, Williams and Ramirez",Lake Stacey,12657
0000000347,ES,Gordon-Russo,East Samuel,05674
0000000348,IT,"Gonzalez, Howell and Curtis",Rebeccaview,74137
0000000349,CA,"Torres, Allen and Martin",North Cindymouth,42872
0000000350,CH,"Carter, Smith and Diaz",East Brianna,22664
0000000351,IT,Mitchell-Hubbard,West James,30034
0000000352,DE,Gonzalez Inc,Figueroaville,35083
0000000353,BR,Valenzuela PLC,Christineville,07393
0000000354,NL,Miller Group,Matthewtown,02021
0000000355,ES,"Martin, Horton and Day",Bellmouth,58456
0000000356,RU,Allen Ltd,Lake Matthew,52182
0000000357,MX,Lang Group,North Leonardshire,01408
0000000358,IT,Woods-Bell,Mcphersonbury,88818
0000000359,IN,Meyer LLC,New Travis,30373
0000000360,BR,"Walker, Morales and Conner",Lindseyfort,12237
0000000361,KR,"Jacobs, Garza and Armstrong",Lake Johntown,03630
0000000362,US,"Brown, Olson and Richardson",East Crystalview,06357
0000000363,NL,"Davis, Moore and Stewart",South Aaronhaven,22328
0000000364,CA,Morris-Barber,New Elizabeth,43884
0000000365,SE,"Kennedy, George and Garza",Brianview,34108
0000000366,CA,Martinez-Glover,Karabury,59054
0000000367,FR,"Lawrence, Carrillo and Jackson",Lake Samantha,13470
0000000368,CH,"Carlson, Wood and Whitaker",Port Michael,96918
0000000369,SE,Brown-Brown,North William,89116
0000000370,AU,Gilbert-Huber,Mcdonaldville,82595
0000000371,JP,Freeman-Mcintyre,Richardsville,13427
0000000372,CN,"Jordan, Jackson and Garcia",Mcdowellside,28208
0000000373,DE,Bell-Love,Jefferyfort,96304
0000000374,GB,"Macias, Silva and Strickland",Houstonshire,04473
0000000375,AU,"Lewis, Lane and Underwood",Mariachester,68728
0000000376,SE,Taylor-Singleton,New Jasonside,91446
0000000377,AU,"Roth, Chavez and Oneal",Lake Kellychester,39441
0000000378,JP,Torres Group,Port Sandraborough,31812
0000000379,BR,Keith Group,West Traciview,90641
0000000380,CH,Maxwell-Davis,Port Michelle,06292
0000000381,AU,Pacheco Inc,West Ashleyfort,99072
0000000382,US,Levine-Lane,Kennethberg,21692
0000000383,CA,"Robles, Miller and Martinez",Clayfurt,12941
0000000384,JP,Rice-Kelly,West Colinshire,27253
0000000385,SE,Valdez PLC,West Aaronville,68970
0000000386,CH,Schaefer-Cox,Palmerland,44516
0000000387,AU,"Davis, Jones and Thornton",Maldonadofurt,36999
0000000388,MX,Giles-Bryant,Sarahland,52646
0000000389,ES,Jones-Garner,Timothyland,17628
0000000390,NL,"Wagner, Gonzalez and Woodard",Crystalside,93671
0000000391,ZA,Parks-Brooks,Lake Aaronberg,54261
0000000392,GB,Jones and Sons,Daniellemouth,27304
0000000393,RU,Martinez Inc,North Biancaville,14056
0000000394,GB,Chan and Sons,West Brianmouth,15575
0000000395,BR,Cook LLC,Chavezshire,55065
0000000396,CA,Rivera Group,West Jennifer,52400
0000000397,IN,"Gray, Howe and Sawyer",New Lesliehaven,27723
0000000398,AU,"Parks, Sexton and Hernandez",Tristanland,60895
0000000399,SE,"Carey, Bradshaw and Gray",Joelmouth,52985
0000000400,RU,Smith-Wolfe,Lake Brian,79552
0000000401,FR,"Walsh, Cox and Martin",Deniseside,53368
0000000402,ZA,Mcfarland-Kane,Port Markside,16131
0000000403,NL,Moreno Group,Cynthiashire,11087
0000000404,US,Hernandez-Burgess,Lake Brucefurt,53321
0000000405,MX,Ramos-Hughes,Davidstad,03046
0000000406,MX,"Cruz, Walker and Johnson",North Amanda,34489
0000000407,CH,Torres-Love,Flynnstad,35699
0000000408,MX,"Aguilar, Hodges and Ware",Antonioside,59586
0000000409,MX,"Griffith, Washington and Frye",West Lesliebury,30147
0000000410,CA,Miller PLC,Andreashire,96039
0000000411,SE,Romero Inc,West Tracyberg,19211
0000000412,US,"Stevens, Jenkins and Berry",Tabithaview,91071
0000000413,AU,Horton-Schultz,Jennyberg,79658
0000000414,JP,"Reynolds, Hernandez and Ellis",New Carlosville,09795
0000000415,JP,Lloyd and Sons,New Guy,66657
0000000416,AU,Jones Ltd,South Hannahville,01047
0000000417,CN,"Kennedy, Wilson and Mckinney",Castroport,34390
0000000418,US,Velazquez Inc,South Timothy,86020
0000000419,JP,Brennan-Trujillo,South Kristinview,25823
0000000420,FR,Schwartz Group,East Brandon,48872
0000000421,ES,Howard LLC,Coxburgh,32601
0000000422,NL,"Berry, Williamson and Morrison",Port Brett,49082
0000000423,DE,Nelson-Walters,Brownview,38234
0000000424,FR,Hickman-Smith,Lake Kathleenbury,42272
0000000425,US,"Kim, Zimmerman and Jimenez",Port Jasonmouth,96806
0000000426,NL,Reed LLC,Sarahview,85966
0000000427,BR,Scott-Gonzales,Port Christopherville,42381
0000000428,SE,"Walker, Hughes and Wood",Port Scott,16622
0000000429,NL,Lucas PLC,North Michaelmouth,29710
0000000430,DE,Parks-Brooks,Riveraton,73921
0000000431,GB,Miller PLC,Wangmouth,88632
0000000432,KR,Brown and Sons,New Holly,32692
0000000433,GB,"Carlson, Johnson and Shields",Traciemouth,42219
0000000434,AU,Gonzalez-Dorsey,Charlesmouth,92229
0000000435,IT,"Goodman, White and Turner",Port Moniqueburgh,64008
0000000436,NL,Velasquez-Riley,Amandaland,10798
0000000437,IT,Johnson-Long,Port Jasonburgh,98955
0000000438,MX,Everett Group,Edwardsmouth,29055
0000000439,CA,Johnson-Miller,Villegasbury,87237
0000000440,ES,Holden-Sullivan,North Sheilaborough,42926
0000000441,CH,Mitchell Group,Weaverville,78573
0000000442,GB,Martin Group,Lake Jessestad,05718
0000000443,ZA,Reeves Group,North Jasonville,68641
0000000444,CN,"Hill, Thomas and Gonzales",Port Jeffreyborough,19528
0000000445,ZA,Alexander-Jackson,North Toddshire,45297
0000000446,KR,"Meyers, Nguyen and Kelley",West Angelaville,74814
0000000447,BR,"White, Smith and Davis",Lindaton,02189
0000000448,US,Barrera-Munoz,East Katherine,11847
0000000449,FR,Hall-Little,East Jacobland,76614
0000000450,DE,Sharp PLC,Davidstad,87991
0000000451,DE,Brown-Riley,Jasminefurt,30985
0000000452,JP,Smith-Adams,West Paulborough,53534
0000000453,KR,Miller-Beasley,Butlerview,79691
0000000454,IN,Peterson-Jones,Suarezview,24340
0000000455,SE,Gamble-Marshall,West Heather,44269
0000000456,MX,"Haas, Acosta and Bishop",West Shannon,77568
0000000457,ES,Bennett Ltd,Brianbury,83635
0000000458,ZA,Brown Group,Higginsmouth,13691
0000000459,CA,Martinez Inc,West Adrianamouth,20232
0000000460,IN,"Roberson, Brown and Booker",Carpenterberg,44266
0000000461,IT,"Miller, Hernandez and Shannon",Donnaland,46727
0000000462,BR,Fisher-Carroll,Dominicshire,55659
0000000463,JP,Armstrong-Fields,Davidton,46597
0000000464,FR,Cole Group,East Devin,03491
0000000465,GB,"Stein, Gay and Brennan",Garciamouth,69418
0000000466,ES,Russell Ltd,Woodsshire,69314
0000000467,IN,Zamora Group,West Jonathan,31042
0000000468,CA,Goodman-Wilson,Derekburgh,39196
0000000469,ZA,Hicks-Edwards,Margarethaven,39834
0000000470,BR,Mcfarland Inc,Samuelport,86062
0000000471,US,"Kim, House and Mcgee",Davidside,59811
0000000472,CA,Sanders PLC,Bairdberg,57483
0000000473,KR,"Mendez, Thompson and Williams",North James,03789
0000000474,IT,"Norris, Jacobs and Reeves",Michellehaven,38431
0000000475,GB,Gregory-Carter,New Joshua,46898
0000000476,IN,Solomon Group,East Lindseyville,88366
0000000477,RU,"Clark, Pearson and Moody",Deanton,22411
0000000478,ES,Colon Inc,Jenniferchester,81407
0000000479,CH,Simmons-Cole,West Josephview,71135
0000000480,FR,Martinez-Montes,North Andrewfurt,45350
0000000481,FR,"Henry, Medina and House",Port Jodiport,47283
0000000482,CH,Russell Group,Amyview,66865
0000000483,DE,Lewis-Fields,West Daniellechester,34366
0000000484,CN,Matthews Ltd,Port Robertbury,33086
0000000485,AU,"Yang, Burgess and Bautista",Jeffreybury,30166
0000000486,ES,Gutierrez Inc,East Edwin,26871
0000000487,IN,"Alvarez, Baker and Nash",South Kimberlyview,35851
0000000488,ES,"Moore, Quinn and Patterson",Stewartmouth,23953
0000000489,RU,Moore-Manning,Erinmouth,13081
0000000490,MX,Montoya Ltd,North Lindsey,78017
0000000491,US,Carpenter-Smith,Port Jonathon,01376
0000000492,FR,Hart and Sons,New Saramouth,26258
0000000493,CN,Watson PLC,North Stacyton,94223
0000000494,GB,Johnson Ltd,Lindseyshire,62615
0000000495,MX,Terry PLC,Brianborough,10669
0000000496,GB,Simpson-Hawkins,West Victoriaborough,86526
0000000497,CA,"Hicks, Johnson and Cruz",Lake Alexander,13832
0000000498,IT,Stevens LLC,Henryside,84424
0000000499,CA,Campbell Group,Daltonhaven,98292
0000000500,FR,Hill PLC,Ramirezbury,36046
