MATNR,MAKTX,MTART,BRGEW
MAT-000001,Mission particularly,HALB,18.12
MAT-000002,Pressure others,HALB,22.0
MAT-000003,Window heavy,FERT,43.44
MAT-000004,Campaign home,FERT,19.88
MAT-000005,Country this,FERT,30.15
MAT-000006,Religious music,FERT,7.14
MAT-000007,Democratic ten,HALB,27.97
MAT-000008,There open,ROH,41.62
MAT-000009,Picture citizen,ROH,29.45
MAT-000010,Including space,FERT,8.08
MAT-000011,Sea million,HALB,40.63
MAT-000012,Key own,FERT,28.97
MAT-000013,Security affect,HALB,0.7
MAT-000014,Personal traditional,FERT,23.56
MAT-000015,Deal third,ROH,20.7
MAT-000016,Officer difference,ROH,42.55
MAT-000017,Today firm,ROH,27.18
MAT-000018,Network news,HALB,41.29
MAT-000019,Involve magazine,HALB,47.1
MAT-000020,Whole senior,FERT,46.66
MAT-000021,Loss upon,FERT,1.93
MAT-000022,Who even,FERT,12.45
MAT-000023,Drop few,FERT,32.23
MAT-000024,Same easy,ROH,31.96
MAT-000025,Series common,ROH,34.29
MAT-000026,Ok job,FERT,24.3
MAT-000027,Each need,ROH,43.82
MAT-000028,Reveal member,HALB,49.82
MAT-000029,Sell spring,ROH,40.78
MAT-000030,Big player,HALB,32.58
MAT-000031,Safe officer,FERT,14.54
MAT-000032,Economic central,HALB,20.76
MAT-000033,Know blue,FERT,45.76
MAT-000034,Very PM,FERT,40.82
MAT-000035,High probably,ROH,37.64
MAT-000036,Ten source,ROH,10.62
MAT-000037,Pretty manager,HALB,11.84
MAT-000038,Thus difference,ROH,2.67
MAT-000039,Region but,HALB,8.71
MAT-000040,Newspaper box,FERT,49.19
MAT-000041,Them star,ROH,35.73
MAT-000042,Care poor,FERT,32.55
MAT-000043,Position run,HALB,38.1
MAT-000044,Road myself,HALB,30.49
MAT-000045,Room expect,HALB,31.0
MAT-000046,Television right,FERT,3.06
MAT-000047,Himself would,HALB,41.68
MAT-000048,Get collection,ROH,44.6
MAT-000049,Sort like,HALB,24.26
MAT-000050,Customer drive,FERT,32.58
MAT-000051,And begin,HALB,31.28
MAT-000052,More physical,HALB,36.62
MAT-000053,Rise religious,ROH,36.09
MAT-000054,Every least,HALB,41.68
MAT-000055,Just true,HALB,29.25
MAT-000056,Attention piece,ROH,48.5
MAT-000057,Wind agree,FERT,17.42
MAT-000058,Result many,FERT,41.81
MAT-000059,Thousand this,HALB,33.17
MAT-000060,Meet throw,ROH,27.2
MAT-000061,Local life,FERT,24.37
MAT-000062,Feel available,HALB,35.67
MAT-000063,Property role,ROH,42.92
MAT-000064,Area story,FERT,9.63
MAT-000065,Center doctor,ROH,39.01
MAT-000066,Feeling large,HALB,30.31
MAT-000067,Ever single,FERT,45.08
MAT-000068,Consumer close,ROH,11.44
MAT-000069,Skill could,HALB,39.58
MAT-000070,Security reveal,ROH,47.21
MAT-000071,Marriage prepare,ROH,31.93
MAT-000072,If each,HALB,49.8
MAT-000073,Year under,FERT,0.61
MAT-000074,Grow specific,ROH,23.82
MAT-000075,Method dinner,FERT,29.99
MAT-000076,Argue store,FERT,16.65
MAT-000077,Attention myself,HALB,4.55
MAT-000078,Claim break,ROH,0.99
MAT-000079,Seven coach,ROH,30.58
MAT-000080,Would way,FERT,42.76
MAT-000081,Affect health,FERT,32.25
MAT-000082,Forget cut,ROH,14.27
MAT-000083,End theory,ROH,46.11
MAT-000084,Move important,FERT,29.01
MAT-000085,Perform foreign,ROH,20.79
MAT-000086,Bill soon,FERT,23.52
MAT-000087,Office street,ROH,37.72
MAT-000088,Customer sound,ROH,32.47
MAT-000089,Southern suggest,ROH,3.46
MAT-000090,Add hour,ROH,37.01
MAT-000091,Safe cut,FERT,39.9
MAT-000092,Community serious,ROH,31.99
MAT-000093,Scene letter,ROH,29.02
MAT-000094,Lawyer something,HALB,0.65
MAT-000095,Soon operation,HALB,29.56
MAT-000096,Compare thus,ROH,40.11
MAT-000097,Everything study,ROH,14.73
MAT-000098,Meet mouth,FERT,17.8
MAT-000099,Despite too,FERT,0.59
MAT-000100,Would crime,ROH,48.48
MAT-000101,And small,FERT,35.08
MAT-000102,Risk star,ROH,2.2
MAT-000103,Skin market,HALB,19.94
MAT-000104,Win important,FERT,20.6
MAT-000105,Company story,FERT,10.36
MAT-000106,Decision million,ROH,14.93
MAT-000107,They never,ROH,41.71
MAT-000108,Several hear,HALB,38.21
MAT-000109,Early why,FERT,39.72
MAT-000110,World benefit,HALB,17.77
MAT-000111,Physical watch,FERT,27.69
MAT-000112,Push effect,FERT,10.18
MAT-000113,Reach listen,HALB,29.74
MAT-000114,Situation every,ROH,42.85
MAT-000115,Director moment,ROH,30.9
MAT-000116,Between radio,HALB,25.25
MAT-000117,Call teacher,FERT,2.37
MAT-000118,Leave able,ROH,15.45
MAT-000119,Science here,FERT,22.0
MAT-000120,Hot country,ROH,48.9
MAT-000121,Benefit no,ROH,47.17
MAT-000122,Center argue,FERT,40.24
MAT-000123,Present above,HALB,28.49
MAT-000124,It serious,ROH,23.38
MAT-000125,Over discuss,FERT,49.26
MAT-000126,Mean produce,HALB,32.38
MAT-000127,Fall bank,HALB,10.27
MAT-000128,Including safe,ROH,40.17
MAT-000129,Activity while,ROH,16.28
MAT-000130,Without issue,HALB,37.3
MAT-000131,Who price,HALB,48.52
MAT-000132,Popular describe,FERT,33.14
MAT-000133,Everyone like,HALB,4.69
MAT-000134,Phone his,FERT,2.66
MAT-000135,Ten something,FERT,30.98
MAT-000136,Structure keep,HALB,19.64
MAT-000137,Few hot,ROH,6.29
MAT-000138,True agent,FERT,28.56
MAT-000139,Front always,FERT,33.45
MAT-000140,Card for,HALB,10.57
MAT-000141,Pick region,HALB,12.6
MAT-000142,Air situation,FERT,38.38
MAT-000143,Eye easy,HALB,47.86
MAT-000144,Woman left,FERT,37.98
MAT-000145,Involve special,ROH,32.51
MAT-000146,Hundred attention,FERT,5.99
MAT-000147,Special life,FERT,30.73
MAT-000148,Order wait,ROH,46.14
MAT-000149,Tree technology,HALB,46.49
MAT-000150,Top example,HALB,39.66
MAT-000151,Accept language,ROH,30.42
MAT-000152,Someone his,FERT,16.52
MAT-000153,Administration wide,ROH,26.04
MAT-000154,Later avoid,HALB,46.29
MAT-000155,Century change,FERT,2.79
MAT-000156,Half quality,FERT,16.25
MAT-000157,Nation against,ROH,33.89
MAT-000158,Group PM,ROH,20.02
MAT-000159,Behind easy,ROH,3.98
MAT-000160,Even add,FERT,21.94
MAT-000161,Exist care,HALB,36.04
MAT-000162,Paper draw,FERT,13.44
MAT-000163,Fly sea,HALB,28.41
MAT-000164,Central lose,FERT,48.26
MAT-000165,Onto right,ROH,15.94
MAT-000166,Personal finish,HALB,14.42
MAT-000167,Resource image,ROH,24.02
MAT-000168,Line best,ROH,9.02
MAT-000169,Friend difficult,HALB,14.92
MAT-000170,Data sell,ROH,42.2
MAT-000171,Allow crime,HALB,20.36
MAT-000172,Nature memory,HALB,23.73
MAT-000173,Size lay,ROH,39.35
MAT-000174,Door rise,HALB,19.79
MAT-000175,South executive,ROH,40.39
MAT-000176,Stuff building,HALB,20.6
MAT-000177,Imagine research,ROH,11.87
MAT-000178,Purpose painting,FERT,38.67
MAT-000179,Degree near,FERT,46.85
MAT-000180,Under about,FERT,1.99
MAT-000181,Trade candidate,HALB,46.8
MAT-000182,In peace,HALB,43.84
MAT-000183,Less middle,ROH,44.8
MAT-000184,Interesting pick,ROH,9.22
MAT-000185,Evidence among,HALB,34.02
MAT-000186,My defense,ROH,3.3
MAT-000187,Maintain partner,FERT,35.02
MAT-000188,Deep actually,ROH,0.81
MAT-000189,Color institution,FERT,37.4
MAT-000190,Hard water,ROH,3.7
MAT-000191,Tonight society,HALB,38.49
MAT-000192,Push vote,HALB,12.05
MAT-000193,Must career,FERT,19.5
MAT-000194,Across scene,ROH,3.49
MAT-000195,Know all,ROH,28.21
MAT-000196,These good,HALB,15.85
MAT-000197,Avoid man,HALB,3.25
MAT-000198,Ball rate,FERT,31.83
MAT-000199,Five south,FERT,5.46
MAT-000200,Language physical,HALB,15.54
MAT-000201,Worker boy,HALB,47.39
MAT-000202,Employee newspaper,ROH,1.64
MAT-000203,Expert American,ROH,11.18
MAT-000204,List radio,FERT,10.75
MAT-000205,Writer coach,HALB,31.57
MAT-000206,Yourself clear,FERT,44.63
MAT-000207,Analysis soldier,HALB,47.14
MAT-000208,Alone assume,FERT,16.65
MAT-000209,Safe act,FERT,8.08
MAT-000210,Part fund,ROH,15.83
MAT-000211,Continue each,HALB,31.54
MAT-000212,However relationship,HALB,26.93
MAT-000213,Bad expert,FERT,26.1
MAT-000214,Radio data,ROH,5.3
MAT-000215,Game matter,FERT,42.06
MAT-000216,Experience lawyer,FERT,45.99
MAT-000217,Thing world,FERT,28.25
MAT-000218,Far into,ROH,46.93
MAT-000219,Hospital laugh,HALB,25.07
MAT-000220,Give eat,ROH,26.71
MAT-000221,Imagine article,ROH,7.25
MAT-000222,Various easy,HALB,15.58
MAT-000223,Event final,FERT,46.5
MAT-000224,Page wall,FERT,35.85
MAT-000225,Head travel,HALB,28.83
MAT-000226,Various want,HALB,46.21
MAT-000227,Meeting another,HALB,13.9
MAT-000228,Kitchen nature,ROH,8.24
MAT-000229,Big ago,ROH,31.61
MAT-000230,Kid us,ROH,4.64
MAT-000231,Available same,ROH,19.89
MAT-000232,Next cell,ROH,4.36
MAT-000233,Part suddenly,HALB,26.2
MAT-000234,Door significant,FERT,41.9
MAT-000235,Enough place,ROH,12.85
MAT-000236,Its two,ROH,13.54
MAT-000237,Newspaper pay,HALB,2.64
MAT-000238,Man option,ROH,36.58
MAT-000239,Similar occur,ROH,36.9
MAT-000240,Arrive church,ROH,11.03
MAT-000241,General easy,FERT,47.42
MAT-000242,Suddenly feel,ROH,48.82
MAT-000243,Send try,FERT,2.55
MAT-000244,Either history,HALB,42.38
MAT-000245,Price history,FERT,37.29
MAT-000246,Himself threat,ROH,12.53
MAT-000247,Morning conference,HALB,22.28
MAT-000248,Three reveal,ROH,3.99
MAT-000249,Generation else,FERT,27.29
MAT-000250,Team type,HALB,11.86
MAT-000251,Operation participant,ROH,33.02
MAT-000252,Enjoy information,FERT,35.83
MAT-000253,Travel east,HALB,6.28
MAT-000254,Open we,FERT,9.1
MAT-000255,Wind his,HALB,39.74
MAT-000256,Project morning,HALB,17.8
MAT-000257,Although product,HALB,27.57
MAT-000258,Letter unit,HALB,2.49
MAT-000259,Stay live,HALB,15.94
MAT-000260,Health prepare,ROH,2.74
MAT-000261,Cost soon,FERT,29.8
MAT-000262,Task together,ROH,0.92
MAT-000263,Difference age,ROH,15.39
MAT-000264,Early lawyer,FERT,14.37
MAT-000265,Travel stop,HALB,36.4
MAT-000266,Change sense,ROH,31.8
MAT-000267,Whom teacher,HALB,4.24
MAT-000268,Movement eat,HALB,25.6
MAT-000269,Mean fill,FERT,18.25
MAT-000270,Agreement usually,FERT,25.61
MAT-000271,Choice kid,HALB,4.37
MAT-000272,After operation,HALB,45.3
MAT-000273,Within seek,FERT,25.0
MAT-000274,Study sing,ROH,7.21
MAT-000275,Her chair,HALB,25.66
MAT-000276,Sister collection,ROH,36.34
MAT-000277,Word stage,FERT,27.93
MAT-000278,Coach series,HALB,37.98
MAT-000279,Animal analysis,HALB,10.39
MAT-000280,Couple federal,FERT,11.84
MAT-000281,In community,FERT,10.86
MAT-000282,Student consumer,ROH,13.91
MAT-000283,Fine those,FERT,28.59
MAT-000284,Door either,ROH,22.89
MAT-000285,Draw scientist,HALB,6.55
MAT-000286,Wife computer,HALB,38.3
MAT-000287,Letter movie,ROH,37.45
MAT-000288,Care lose,ROH,11.31
MAT-000289,Western image,HALB,2.8
MAT-000290,Management area,FERT,22.11
MAT-000291,Month husband,ROH,41.01
MAT-000292,Share speech,ROH,19.06
MAT-000293,Table account,ROH,2.75
MAT-000294,Dog without,FERT,22.8
MAT-000295,Option teacher,HALB,16.95
MAT-000296,Account family,HALB,43.72
MAT-000297,Anything amount,FERT,31.43
MAT-000298,Grow TV,FERT,32.78
MAT-000299,Far quite,HALB,7.25
MAT-000300,Family tree,ROH,5.16
MAT-000301,Tonight cup,ROH,2.25
MAT-000302,Movie money,ROH,31.93
MAT-000303,Eat bed,FERT,12.79
MAT-000304,Rest again,FERT,43.25
MAT-000305,President save,ROH,32.62
MAT-000306,Reduce meeting,HALB,7.62
MAT-000307,Sure above,ROH,37.37
MAT-000308,Since test,HALB,15.22
MAT-000309,Politics social,FERT,49.44
MAT-000310,Actually whom,ROH,31.47
MAT-000311,Difference order,HALB,24.6
MAT-000312,Writer information,ROH,42.39
MAT-000313,Choice choose,FERT,48.61
MAT-000314,Cultural no,HALB,20.31
MAT-000315,Especially not,HALB,31.68
MAT-000316,Ground candidate,FERT,33.24
MAT-000317,Wait listen,FERT,32.13
MAT-000318,Race dark,FERT,21.96
MAT-000319,Work team,HALB,30.09
MAT-000320,Star other,HALB,8.64
MAT-000321,Democratic without,ROH,2.53
MAT-000322,Brother radio,ROH,42.4
MAT-000323,Beyond onto,ROH,33.43
MAT-000324,Run people,FERT,33.2
MAT-000325,Grow partner,FERT,11.89
MAT-000326,Strategy buy,FERT,29.86
MAT-000327,Who close,FERT,33.29
MAT-000328,Fight today,HALB,32.49
MAT-000329,Somebody before,FERT,5.5
MAT-000330,Fill plant,FERT,28.59
MAT-000331,Side police,ROH,47.69
MAT-000332,Listen knowledge,ROH,30.49
MAT-000333,Full out,FERT,40.24
MAT-000334,Building will,ROH,4.95
MAT-000335,Letter through,HALB,25.0
MAT-000336,Us property,HALB,13.8
MAT-000337,Large discuss,ROH,20.43
MAT-000338,Change ground,FERT,8.79
MAT-000339,Impact cold,ROH,10.52
MAT-000340,Be care,HALB,48.81
MAT-000341,Weight two,FERT,10.86
MAT-000342,Up newspaper,FERT,38.26
MAT-000343,Win pass,ROH,2.31
MAT-000344,Ok probably,FERT,36.14
MAT-000345,Far environment,HALB,45.89
MAT-000346,Beyond give,ROH,24.71
MAT-000347,Rise general,FERT,20.09
MAT-000348,Huge miss,ROH,35.52
MAT-000349,Suddenly you,HALB,4.5
MAT-000350,Inside note,ROH,18.62
MAT-000351,Improve education,FERT,48.54
MAT-000352,Contain situation,FERT,12.26
MAT-000353,Property Mrs,ROH,13.25
MAT-000354,Meet detail,FERT,42.07
MAT-000355,Discover real,ROH,43.38
MAT-000356,Capital know,ROH,19.7
MAT-000357,Tree cup,HALB,15.3
MAT-000358,Notice crime,HALB,49.42
MAT-000359,Enter bring,FERT,9.09
MAT-000360,Source policy,ROH,43.93
MAT-000361,Since and,FERT,0.58
MAT-000362,Program wide,ROH,20.23
MAT-000363,Measure change,FERT,28.67
MAT-000364,Situation able,FERT,36.16
MAT-000365,Education radio,HALB,39.51
MAT-000366,Believe professor,ROH,45.61
MAT-000367,Tend thousand,ROH,27.54
MAT-000368,Ever truth,HALB,41.13
MAT-000369,Prevent soon,ROH,4.0
MAT-000370,Dream spring,FERT,8.67
MAT-000371,Firm need,ROH,1.71
MAT-000372,Single assume,ROH,48.2
MAT-000373,Join rise,FERT,34.51
MAT-000374,Yeah plant,HALB,16.97
MAT-000375,Mother wall,FERT,18.26
MAT-000376,Generation senior,HALB,10.36
MAT-000377,Hotel become,ROH,26.66
MAT-000378,Item visit,FERT,14.19
MAT-000379,Training good,HALB,19.71
MAT-000380,Executive society,FERT,30.45
MAT-000381,Increase whatever,FERT,25.45
MAT-000382,Mention light,FERT,39.31
MAT-000383,Resource unit,ROH,23.69
MAT-000384,Move true,ROH,3.59
MAT-000385,Help impact,FERT,10.87
MAT-000386,Strong add,FERT,18.48
MAT-000387,Skill somebody,FERT,10.13
MAT-000388,Environmental model,HALB,39.69
MAT-000389,Quality place,HALB,43.72
MAT-000390,President Mr,FERT,7.76
MAT-000391,Issue it,HALB,18.8
MAT-000392,However still,HALB,10.71
MAT-000393,Well member,FERT,43.71
MAT-000394,When law,ROH,16.49
MAT-000395,Hundred while,HALB,10.75
MAT-000396,Leader amount,HALB,10.24
MAT-000397,While Mrs,FERT,14.46
MAT-000398,Take kid,ROH,34.77
MAT-000399,Moment think,ROH,28.25
MAT-000400,Color war,ROH,24.36
MAT-000401,Only pretty,HALB,18.68
MAT-000402,Wide lead,ROH,28.96
MAT-000403,Check station,HALB,35.12
MAT-000404,Past despite,FERT,0.94
MAT-000405,Serious other,FERT,13.4
MAT-000406,Specific red,HALB,20.49
MAT-000407,Term nothing,HALB,6.68
MAT-000408,Receive agency,ROH,15.66
MAT-000409,Small price,ROH,13.35
MAT-000410,Public discussion,HALB,21.41
MAT-000411,Energy successful,HALB,40.24
MAT-000412,Relationship summer,HALB,12.32
MAT-000413,Generation little,ROH,4.13
MAT-000414,Image however,FERT,39.44
MAT-000415,Head force,FERT,31.66
MAT-000416,People bag,HALB,4.24
MAT-000417,Key much,HALB,40.51
MAT-000418,Economic career,ROH,40.92
MAT-000419,Thousand employee,FERT,35.71
MAT-000420,Father nothing,HALB,24.27
MAT-000421,Soon throughout,ROH,49.79
MAT-000422,Nothing pull,FERT,3.32
MAT-000423,Pressure six,ROH,10.77
MAT-000424,Relationship among,FERT,16.86
MAT-000425,Democratic since,FERT,49.02
MAT-000426,Rich lay,FERT,8.38
MAT-000427,Ball never,FERT,9.01
MAT-000428,Beautiful glass,FERT,6.35
MAT-000429,Support group,FERT,42.82
MAT-000430,Black in,ROH,3.47
MAT-000431,Agree open,ROH,23.08
MAT-000432,Give pay,ROH,35.8
MAT-000433,Say start,FERT,39.56
MAT-000434,Us where,FERT,20.19
MAT-000435,Always pretty,FERT,31.46
MAT-000436,Help describe,FERT,49.52
MAT-000437,Know my,FERT,3.55
MAT-000438,Thus either,FERT,18.31
MAT-000439,Necessary old,ROH,36.72
MAT-000440,Far movie,HALB,4.05
MAT-000441,My allow,ROH,14.44
MAT-000442,Hold sport,HALB,6.78
MAT-000443,City school,ROH,10.58
MAT-000444,Force no,FERT,47.42
MAT-000445,Religious forget,FERT,18.2
MAT-000446,Add human,FERT,26.62
MAT-000447,Guess break,ROH,14.47
MAT-000448,Imagine drive,HALB,40.7
MAT-000449,Attention though,FERT,38.6
MAT-000450,Understand discussion,FERT,40.39
MAT-000451,Though particular,ROH,11.96
MAT-000452,Capital democratic,HALB,12.19
MAT-000453,Remain weight,ROH,6.85
MAT-000454,Pick cultural,ROH,33.53
MAT-000455,Test well,ROH,8.07
MAT-000456,Last production,FERT,6.05
MAT-000457,Forward player,ROH,9.7
MAT-000458,Remain I,FERT,6.49
MAT-000459,Theory team,HALB,32.9
MAT-000460,Our black,ROH,2.32
MAT-000461,Student hope,ROH,17.46
MAT-000462,Star own,FERT,41.01
MAT-000463,Explain exactly,HALB,28.32
MAT-000464,Daughter pick,HALB,7.03
MAT-000465,Though rest,HALB,46.05
MAT-000466,Exist high,FERT,7.76
MAT-000467,Piece offer,ROH,21.47
MAT-000468,Area certain,FERT,17.78
MAT-000469,Agree land,HALB,11.2
MAT-000470,Inside reality,ROH,28.54
MAT-000471,Opportunity base,ROH,15.61
MAT-000472,Adult beautiful,HALB,42.42
MAT-000473,Budget reveal,ROH,17.81
MAT-000474,Government newspaper,HALB,37.98
MAT-000475,None week,ROH,6.75
MAT-000476,Home affect,ROH,15.88
MAT-000477,Many provide,ROH,1.21
MAT-000478,Push despite,HALB,34.59
MAT-000479,Create really,HALB,30.43
MAT-000480,Must forget,HALB,39.48
MAT-000481,Sing five,ROH,39.08
MAT-000482,Capital service,ROH,44.07
MAT-000483,Red drive,HALB,17.98
MAT-000484,Explain word,FERT,37.46
MAT-000485,Site spend,HALB,44.65
MAT-000486,Town year,ROH,29.31
MAT-000487,Town why,HALB,41.15
MAT-000488,Myself hear,HALB,42.72
MAT-000489,Look station,FERT,14.93
MAT-000490,Letter game,ROH,9.99
MAT-000491,Not home,FERT,37.02
MAT-000492,Between pick,HALB,43.67
MAT-000493,Our area,FERT,16.77
MAT-000494,Rate next,HALB,27.36
MAT-000495,Knowledge conference,FERT,28.81
MAT-000496,Husband lead,HALB,33.01
MAT-000497,Official huge,HALB,24.5
MAT-000498,Remain check,ROH,21.85
MAT-000499,List good,HALB,44.43
MAT-000500,Leader hotel,FERT,49.94
MAT-000501,Finish industry,ROH,16.41
MAT-000502,Available tough,FERT,28.65
MAT-000503,Suffer trouble,HALB,38.66
MAT-000504,Usually visit,ROH,24.54
MAT-000505,Type skill,HALB,38.61
MAT-000506,Reduce not,FERT,24.32
MAT-000507,Stand enough,FERT,12.27
MAT-000508,Sign many,HALB,26.81
MAT-000509,Up model,ROH,9.26
MAT-000510,Thus create,ROH,6.75
MAT-000511,In ability,FERT,0.51
MAT-000512,Make music,HALB,37.58
MAT-000513,Site different,HALB,25.46
MAT-000514,Personal long,ROH,26.05
MAT-000515,Drive theory,FERT,22.06
MAT-000516,Open fire,HALB,47.58
MAT-000517,Help machine,ROH,40.0
MAT-000518,Bad how,HALB,8.72
MAT-000519,Dream cost,HALB,10.44
MAT-000520,Peace with,ROH,38.05
MAT-000521,Direction team,FERT,3.5
MAT-000522,Month why,FERT,27.97
MAT-000523,Three of,ROH,37.98
MAT-000524,Apply sure,HALB,20.11
MAT-000525,Himself within,FERT,27.7
MAT-000526,Maintain miss,FERT,19.71
MAT-000527,Reality laugh,ROH,22.5
MAT-000528,Unit cell,ROH,41.63
MAT-000529,West foot,ROH,42.04
MAT-000530,Too family,ROH,1.16
MAT-000531,Billion court,ROH,40.84
MAT-000532,Theory save,ROH,25.93
MAT-000533,General old,FERT,22.31
MAT-000534,Nice glass,FERT,45.66
MAT-000535,Age win,HALB,9.36
MAT-000536,Here technology,FERT,40.64
MAT-000537,Wish myself,HALB,28.19
MAT-000538,Option third,HALB,43.76
MAT-000539,Decide once,HALB,28.28
MAT-000540,Former recognize,HALB,21.87
MAT-000541,Then if,FERT,10.4
MAT-000542,Second tough,ROH,45.85
MAT-000543,Together maybe,FERT,46.31
MAT-000544,After begin,ROH,27.49
MAT-000545,Move these,HALB,12.33
MAT-000546,Choice foreign,ROH,4.0
MAT-000547,While morning,HALB,43.7
MAT-000548,Have law,ROH,18.27
MAT-000549,State east,HALB,21.33
MAT-000550,Hope mouth,HALB,46.87
MAT-000551,Thousand practice,ROH,44.11
MAT-000552,Poor American,HALB,28.53
MAT-000553,Responsibility race,ROH,27.51
MAT-000554,Certain church,ROH,16.78
MAT-000555,Analysis its,HALB,4.41
MAT-000556,Quality today,FERT,5.86
MAT-000557,Establish occur,FERT,37.58
MAT-000558,Week share,FERT,9.47
MAT-000559,Beyond change,ROH,14.42
MAT-000560,Knowledge draw,ROH,40.11
MAT-000561,Gun inside,HALB,8.88
MAT-000562,Tv language,ROH,46.61
MAT-000563,Live floor,FERT,8.57
MAT-000564,Yes own,HALB,2.39
MAT-000565,Sport us,ROH,4.87
MAT-000566,Three try,FERT,2.27
MAT-000567,Responsibility off,HALB,45.61
MAT-000568,Position reveal,FERT,21.52
MAT-000569,Federal try,HALB,31.44
MAT-000570,Choose government,FERT,42.06
MAT-000571,Identify provide,HALB,11.26
MAT-000572,Health think,ROH,7.19
MAT-000573,Within able,ROH,14.78
MAT-000574,All gas,HALB,44.79
MAT-000575,Huge long,ROH,19.92
MAT-000576,Compare trip,FERT,11.84
MAT-000577,Light accept,ROH,38.34
MAT-000578,Message politics,ROH,32.09
MAT-000579,Line site,ROH,39.99
MAT-000580,Mention under,ROH,44.68
MAT-000581,Affect measure,FERT,19.16
MAT-000582,Determine citizen,FERT,14.98
MAT-000583,Stay power,ROH,9.19
MAT-000584,Know human,FERT,23.0
MAT-000585,Officer phone,HALB,25.65
MAT-000586,People official,ROH,9.53
MAT-000587,Term home,HALB,18.91
MAT-000588,Head treat,HALB,44.12
MAT-000589,Choice challenge,ROH,22.93
MAT-000590,Involve worry,FERT,48.32
MAT-000591,First walk,ROH,42.63
MAT-000592,Organization page,ROH,42.61
MAT-000593,Look push,ROH,17.16
MAT-000594,Music attention,HALB,14.78
MAT-000595,Left score,HALB,36.77
MAT-000596,Kid still,HALB,31.91
MAT-000597,Call product,ROH,22.85
MAT-000598,Good structure,HALB,35.1
MAT-000599,Night fact,FERT,9.35
MAT-000600,Continue poor,HALB,10.49
MAT-000601,Yard week,HALB,3.6
MAT-000602,Prevent impact,FERT,38.32
MAT-000603,Control over,FERT,16.3
MAT-000604,Test wind,HALB,33.72
MAT-000605,All suggest,ROH,43.38
MAT-000606,Full fly,HALB,23.57
MAT-000607,Level majority,FERT,25.58
MAT-000608,Deep herself,FERT,46.44
MAT-000609,Black price,FERT,14.69
MAT-000610,Few notice,HALB,32.63
MAT-000611,Development bad,ROH,16.08
MAT-000612,Yourself actually,HALB,48.54
MAT-000613,Personal could,FERT,28.31
MAT-000614,Believe drug,FERT,5.01
MAT-000615,Per its,FERT,36.06
MAT-000616,Couple drug,FERT,27.55
MAT-000617,Identify town,FERT,18.84
MAT-000618,Happy property,HALB,5.57
MAT-000619,Human another,ROH,29.86
MAT-000620,Behavior exist,ROH,21.05
MAT-000621,Upon foreign,ROH,22.85
MAT-000622,Must loss,ROH,24.12
MAT-000623,Wish conference,ROH,46.23
MAT-000624,Ahead become,ROH,25.64
MAT-000625,Middle listen,HALB,9.98
MAT-000626,Term identify,ROH,12.48
MAT-000627,Politics particular,FERT,17.18
MAT-000628,Power former,FERT,30.73
MAT-000629,Dark part,HALB,31.49
MAT-000630,Black gun,FERT,32.2
MAT-000631,Collection enough,FERT,30.53
MAT-000632,Wife here,FERT,20.07
MAT-000633,Usually medical,FERT,41.77
MAT-000634,Statement interesting,FERT,27.52
MAT-000635,Ability benefit,ROH,47.01
MAT-000636,Law begin,HALB,46.67
MAT-000637,Citizen concern,HALB,22.18
MAT-000638,Ground again,HALB,24.26
MAT-000639,Middle wrong,HALB,49.48
MAT-000640,Happen fire,HALB,20.21
MAT-000641,Born respond,FERT,42.06
MAT-000642,Where space,FERT,15.18
MAT-000643,Factor office,FERT,48.06
MAT-000644,Suddenly note,FERT,43.47
MAT-000645,Six as,HALB,33.84
MAT-000646,Decision ability,ROH,4.52
MAT-000647,Book present,HALB,11.42
MAT-000648,Trial themselves,ROH,9.81
MAT-000649,Man assume,HALB,26.81
MAT-000650,Trade number,HALB,46.1
MAT-000651,Theory student,ROH,49.08
MAT-000652,Night expect,ROH,13.64
MAT-000653,Line old,ROH,41.55
MAT-000654,Alone as,HALB,23.98
MAT-000655,Miss range,ROH,21.24
MAT-000656,Military use,FERT,9.86
MAT-000657,Our Democrat,ROH,0.86
MAT-000658,Lay my,HALB,21.76
MAT-000659,Drive light,HALB,28.86
MAT-000660,Light there,ROH,41.16
MAT-000661,Score sure,ROH,44.14
MAT-000662,Necessary direction,ROH,22.35
MAT-000663,Friend value,HALB,21.97
MAT-000664,Sea western,FERT,39.58
MAT-000665,Democrat sport,ROH,35.26
MAT-000666,Send color,ROH,25.25
MAT-000667,Car their,HALB,20.31
MAT-000668,Knowledge easy,ROH,29.97
MAT-000669,Himself light,HALB,32.9
MAT-000670,Cultural morning,ROH,40.51
MAT-000671,Film without,HALB,44.85
MAT-000672,Blue share,FERT,18.39
MAT-000673,Push they,ROH,27.37
MAT-000674,Service shake,FERT,16.14
MAT-000675,International performance,HALB,3.66
MAT-000676,Light campaign,HALB,46.51
MAT-000677,Economic water,ROH,29.33
MAT-000678,Entire account,ROH,49.32
MAT-000679,Candidate meeting,HALB,30.28
MAT-000680,Everyone happen,HALB,32.53
MAT-000681,Trouble final,FERT,30.65
MAT-000682,Feel note,HALB,45.15
MAT-000683,Impact now,FERT,41.93
MAT-000684,Very day,ROH,28.45
MAT-000685,Task character,HALB,16.08
MAT-000686,Along then,ROH,37.11
MAT-000687,Price lead,ROH,6.33
MAT-000688,Realize hotel,HALB,9.44
MAT-000689,Section them,FERT,40.23
MAT-000690,Economic bed,ROH,37.25
MAT-000691,Degree boy,FERT,24.71
MAT-000692,Career break,HALB,21.36
MAT-000693,Man clear,FERT,37.4
MAT-000694,Suffer partner,ROH,36.97
MAT-000695,Weight unit,ROH,32.66
MAT-000696,Again ten,FERT,22.51
MAT-000697,Pass note,FERT,11.26
MAT-000698,A base,FERT,19.38
MAT-000699,Resource between,HALB,41.45
MAT-000700,I experience,HALB,21.21
MAT-000701,Need artist,FERT,21.92
MAT-000702,Realize send,FERT,43.14
MAT-000703,Out difference,HALB,43.78
MAT-000704,Necessary wall,ROH,25.86
MAT-000705,Every situation,HALB,22.46
MAT-000706,Right less,ROH,24.2
MAT-000707,Determine black,ROH,28.32
MAT-000708,Either enter,HALB,42.01
MAT-000709,Teach marriage,HALB,30.38
MAT-000710,Recent add,ROH,27.66
MAT-000711,Machine international,HALB,40.58
MAT-000712,Within offer,ROH,10.73
MAT-000713,Know collection,ROH,1.88
MAT-000714,Born sit,ROH,16.76
MAT-000715,Country support,HALB,24.64
MAT-000716,Character matter,FERT,47.6
MAT-000717,Behavior notice,HALB,7.78
MAT-000718,Young five,FERT,25.29
MAT-000719,Sit finish,ROH,19.72
MAT-000720,Hour attention,HALB,35.66
MAT-000721,Hard so,HALB,19.86
MAT-000722,Commercial authority,FERT,4.17
MAT-000723,Difference edge,HALB,17.7
MAT-000724,Between listen,FERT,26.01
MAT-000725,Buy evidence,FERT,30.01
MAT-000726,The party,ROH,18.43
MAT-000727,Them resource,HALB,21.07
MAT-000728,Beyond enjoy,HALB,33.48
MAT-000729,Wait court,HALB,48.75
MAT-000730,What gun,FERT,21.15
MAT-000731,Moment beat,ROH,21.05
MAT-000732,Protect international,FERT,12.19
MAT-000733,With Mr,HALB,31.19
MAT-000734,Tree week,HALB,16.92
MAT-000735,Give attention,ROH,4.7
MAT-000736,Thus return,HALB,23.45
MAT-000737,Significant for,ROH,28.35
MAT-000738,Clearly ground,HALB,26.33
MAT-000739,Dinner outside,FERT,42.61
MAT-000740,Ten east,ROH,29.46
MAT-000741,Radio resource,HALB,35.74
MAT-000742,Recently happy,HALB,6.61
MAT-000743,Kind story,HALB,39.54
MAT-000744,Run probably,HALB,22.62
MAT-000745,Thought guess,HALB,48.01
MAT-000746,Young education,HALB,33.72
MAT-000747,International accept,HALB,12.28
MAT-000748,Along and,ROH,9.56
MAT-000749,Girl hand,HALB,18.43
MAT-000750,Call shake,HALB,1.5
MAT-000751,Small couple,ROH,40.2
MAT-000752,Simple study,FERT,25.91
MAT-000753,Piece material,HALB,10.51
MAT-000754,Cup career,ROH,24.21
MAT-000755,Trial arrive,HALB,46.1
MAT-000756,Sense reduce,ROH,12.71
MAT-000757,Own hear,FERT,6.15
MAT-000758,Budget listen,ROH,4.33
MAT-000759,Make paper,HALB,8.68
MAT-000760,Play share,HALB,22.79
MAT-000761,Need view,HALB,45.51
MAT-000762,Project simple,FERT,35.02
MAT-000763,Above reach,FERT,48.27
MAT-000764,Clear pressure,ROH,36.56
MAT-000765,Perform range,ROH,21.67
MAT-000766,Wish main,HALB,19.26
MAT-000767,Life education,HALB,1.15
MAT-000768,Reach wind,FERT,8.55
MAT-000769,Girl you,FERT,26.52
MAT-000770,Drug find,HALB,3.35
MAT-000771,Case investment,ROH,1.88
MAT-000772,Mention believe,FERT,4.94
MAT-000773,Let mind,ROH,37.25
MAT-000774,Bed which,HALB,19.1
MAT-000775,Report probably,HALB,0.84
MAT-000776,Exactly evening,HALB,36.16
MAT-000777,Especially our,FERT,14.71
MAT-000778,Trial blue,ROH,26.39
MAT-000779,Personal particularly,FERT,10.73
MAT-000780,Course improve,HALB,42.98
MAT-000781,Force face,HALB,7.3
MAT-000782,Agree mission,FERT,44.98
MAT-000783,Three deep,HALB,27.72
MAT-000784,First evening,ROH,30.39
MAT-000785,Mrs high,FERT,25.17
MAT-000786,Break operation,FERT,22.05
MAT-000787,Enter like,ROH,30.22
MAT-000788,Industry later,FERT,18.54
MAT-000789,Source imagine,HALB,21.94
MAT-000790,First behavior,HALB,34.35
MAT-000791,Benefit build,HALB,21.26
MAT-000792,Suddenly design,FERT,38.18
MAT-000793,Tree owner,HALB,37.86
MAT-000794,Large blood,HALB,19.66
MAT-000795,Individual range,FERT,3.72
MAT-000796,Idea them,FERT,16.77
MAT-000797,Loss low,ROH,10.88
MAT-000798,Tonight instead,ROH,0.63
MAT-000799,Goal peace,HALB,31.86
MAT-000800,By prepare,HALB,49.58
MAT-000801,During with,FERT,22.69
MAT-000802,Site economy,ROH,34.3
MAT-000803,Few onto,FERT,12.07
MAT-000804,Hand occur,FERT,2.51
MAT-000805,Student at,FERT,37.11
MAT-000806,Organization market,HALB,8.64
MAT-000807,Few reality,HALB,15.13
MAT-000808,Drug treat,HALB,31.82
MAT-000809,Likely process,ROH,24.6
MAT-000810,Mr consumer,FERT,15.7
MAT-000811,Couple cell,ROH,4.66
MAT-000812,Central kitchen,HALB,35.78
MAT-000813,Scene factor,FERT,41.83
MAT-000814,Record not,ROH,4.53
MAT-000815,Over very,HALB,33.86
MAT-000816,Material movie,HALB,11.79
MAT-000817,Blue environmental,HALB,39.73
MAT-000818,Lay respond,FERT,32.23
MAT-000819,Almost behind,HALB,7.96
MAT-000820,Low son,FERT,21.42
MAT-000821,Today how,FERT,19.0
MAT-000822,Central break,FERT,15.97
MAT-000823,Television threat,HALB,2.36
MAT-000824,Science certainly,HALB,49.24
MAT-000825,Spend make,FERT,33.25
MAT-000826,Democratic move,FERT,11.49
MAT-000827,Customer interest,HALB,38.74
MAT-000828,Machine political,ROH,4.82
MAT-000829,Cultural goal,HALB,16.5
MAT-000830,Growth anything,ROH,49.57
MAT-000831,Shoulder both,FERT,10.59
MAT-000832,You always,HALB,25.41
MAT-000833,We know,ROH,38.81
MAT-000834,Toward form,FERT,12.02
MAT-000835,Interview body,HALB,46.08
MAT-000836,Deep owner,FERT,48.76
MAT-000837,Study family,ROH,2.11
MAT-000838,Once kind,HALB,21.01
MAT-000839,Relate road,ROH,24.36
MAT-000840,Drop expert,HALB,30.08
MAT-000841,Born identify,FERT,48.23
MAT-000842,Clear huge,HALB,8.62
MAT-000843,Range consumer,ROH,33.23
MAT-000844,Article social,ROH,14.21
MAT-000845,Subject break,ROH,10.05
MAT-000846,Side plan,HALB,32.56
MAT-000847,Great reach,ROH,40.69
MAT-000848,Field pattern,HALB,37.02
MAT-000849,Accept relationship,HALB,25.45
MAT-000850,Source protect,FERT,20.02
MAT-000851,Ahead something,FERT,41.67
MAT-000852,See across,HALB,1.39
MAT-000853,Doctor practice,HALB,6.45
MAT-000854,Single figure,HALB,7.95
MAT-000855,Item position,FERT,36.48
MAT-000856,Really them,HALB,19.11
MAT-000857,Himself bill,FERT,43.34
MAT-000858,Able attack,HALB,36.23
MAT-000859,Possible grow,HALB,11.44
MAT-000860,Wrong pick,ROH,35.92
MAT-000861,Someone themselves,HALB,8.72
MAT-000862,Enough center,HALB,39.93
MAT-000863,For military,ROH,1.57
MAT-000864,Wait lose,HALB,11.57
MAT-000865,Difficult law,ROH,28.24
MAT-000866,Himself that,FERT,3.28
MAT-000867,How religious,ROH,23.76
MAT-000868,Authority month,ROH,12.74
MAT-000869,Same use,ROH,1.07
MAT-000870,Difficult visit,ROH,42.65
MAT-000871,Begin item,FERT,17.22
MAT-000872,Trouble knowledge,HALB,45.56
MAT-000873,Television upon,FERT,4.01
MAT-000874,Instead wait,HALB,4.74
MAT-000875,Speech agency,HALB,26.88
MAT-000876,Get goal,HALB,19.28
MAT-000877,Attention main,ROH,47.98
MAT-000878,Go real,ROH,21.61
MAT-000879,Security nature,FERT,34.49
MAT-000880,School today,ROH,28.87
MAT-000881,Bring employee,FERT,16.47
MAT-000882,Actually he,FERT,42.14
MAT-000883,Exist finish,ROH,19.27
MAT-000884,Choice group,ROH,18.63
MAT-000885,Answer here,FERT,42.41
MAT-000886,So truth,HALB,24.44
MAT-000887,Peace story,FERT,47.08
MAT-000888,Important talk,FERT,34.61
MAT-000889,But big,FERT,8.34
MAT-000890,Campaign financial,ROH,26.13
MAT-000891,Word town,FERT,32.36
MAT-000892,Visit personal,ROH,14.65
MAT-000893,Tax account,FERT,44.65
MAT-000894,Bad they,ROH,21.8
MAT-000895,Owner mean,ROH,29.05
MAT-000896,Suddenly perform,ROH,17.41
MAT-000897,Radio parent,ROH,6.85
MAT-000898,Tend site,ROH,8.79
MAT-000899,Two market,FERT,28.86
MAT-000900,Sign full,FERT,24.13
MAT-000901,Deep safe,HALB,5.45
MAT-000902,View cup,HALB,2.39
MAT-000903,Quality trade,HALB,33.89
MAT-000904,Receive theory,HALB,47.96
MAT-000905,Maybe executive,FERT,9.16
MAT-000906,Game too,FERT,25.42
MAT-000907,Side civil,HALB,31.76
MAT-000908,Price who,HALB,2.63
MAT-000909,Husband seem,HALB,35.8
MAT-000910,White sit,FERT,47.35
MAT-000911,Bar couple,HALB,46.15
MAT-000912,Seat note,FERT,47.23
MAT-000913,Director remain,HALB,39.31
MAT-000914,Series those,FERT,39.02
MAT-000915,Boy loss,ROH,2.4
MAT-000916,Value show,HALB,25.2
MAT-000917,Water choice,HALB,6.15
MAT-000918,Opportunity people,FERT,20.33
MAT-000919,Main movement,ROH,45.01
MAT-000920,Computer economy,FERT,42.1
MAT-000921,Task modern,HALB,16.37
MAT-000922,Blood reflect,HALB,45.81
MAT-000923,Sea factor,FERT,26.82
MAT-000924,City ten,HALB,14.82
MAT-000925,Job third,HALB,12.35
MAT-000926,Wish you,FERT,1.72
MAT-000927,Recent scene,FERT,24.67
MAT-000928,Certainly against,ROH,41.39
MAT-000929,Start spring,HALB,28.42
MAT-000930,Team relationship,FERT,35.34
MAT-000931,Them response,FERT,32.95
MAT-000932,Religious program,ROH,10.54
MAT-000933,Order build,ROH,2.75
MAT-000934,International resource,HALB,40.62
MAT-000935,Probably truth,ROH,39.55
MAT-000936,Fire machine,ROH,3.03
MAT-000937,Middle eat,HALB,4.12
MAT-000938,Program she,HALB,42.98
MAT-000939,For consider,ROH,47.12
MAT-000940,Teacher test,ROH,7.61
MAT-000941,Specific six,HALB,49.12
MAT-000942,Image main,FERT,34.61
MAT-000943,Give not,HALB,11.15
MAT-000944,Situation example,FERT,16.0
MAT-000945,Soldier new,HALB,41.51
MAT-000946,Send how,HALB,35.75
MAT-000947,Visit community,ROH,28.98
MAT-000948,Often teach,HALB,3.03
MAT-000949,See southern,HALB,11.3
MAT-000950,Drive work,FERT,20.12
MAT-000951,Trade house,HALB,11.01
MAT-000952,My try,FERT,27.61
MAT-000953,Interesting happen,FERT,24.51
MAT-000954,Whom develop,FERT,42.97
MAT-000955,Purpose wall,ROH,45.6
MAT-000956,Loss discuss,ROH,20.17
MAT-000957,Local those,HALB,48.59
MAT-000958,Future face,HALB,49.15
MAT-000959,Wind environmental,FERT,27.33
MAT-000960,Product section,FERT,21.2
MAT-000961,Budget life,ROH,38.51
MAT-000962,Result writer,HALB,25.4
MAT-000963,Serious first,HALB,42.1
MAT-000964,Almost watch,ROH,32.55
MAT-000965,Floor represent,ROH,29.55
MAT-000966,Open line,FERT,41.34
MAT-000967,Whatever grow,FERT,25.74
MAT-000968,Recently deep,ROH,21.92
MAT-000969,Economy charge,ROH,5.24
MAT-000970,Not more,HALB,27.33
MAT-000971,Nice agency,FERT,6.47
MAT-000972,Start think,FERT,43.19
MAT-000973,Guy president,FERT,14.24
MAT-000974,Approach plan,HALB,9.42
MAT-000975,View society,FERT,46.56
MAT-000976,Third prepare,HALB,35.74
MAT-000977,Manager final,HALB,40.12
MAT-000978,Down rather,FERT,26.9
MAT-000979,Particularly western,HALB,19.45
MAT-000980,Wonder artist,ROH,34.47
MAT-000981,Near since,FERT,31.79
MAT-000982,Magazine TV,FERT,2.22
MAT-000983,Season Congress,HALB,37.87
MAT-000984,Owner well,FERT,40.8
MAT-000985,Relationship herself,FERT,1.63
MAT-000986,Cover yard,FERT,45.49
MAT-000987,Air model,ROH,19.36
MAT-000988,Threat quality,HALB,48.26
MAT-000989,He receive,FERT,31.46
MAT-000990,Piece thing,HALB,39.53
MAT-000991,Minute should,ROH,41.97
MAT-000992,Century blue,ROH,15.75
MAT-000993,Itself message,ROH,29.79
MAT-000994,Tree end,FERT,13.95
MAT-000995,Present catch,HALB,25.9
MAT-000996,Listen we,FERT,3.73
MAT-000997,Type whom,ROH,42.95
MAT-000998,Else to,ROH,39.76
MAT-000999,Among later,HALB,31.01
MAT-001000,Until crime,FERT,3.93
